ABLE,1
ABUNDANCE,1
ABUNDANT,1
ACCLAIMED,1
ACCOMPLISH,1
ACCOMPLISHED,1
ACCOMPLISHES,1
ACCOMPLISHING,1
ACCOMPLISHMENT,1
ACCOMPLISHMENTS,1
ACHIEVE,1
ACHIEVED,1
ACHIEVEMENT,1
ACHIEVEMENTS,1
ACHIEVES,1
ACHIEVING,1
ADEQUATELY,1
ADVANCEMENT,1
ADVANCEMENTS,1
ADVANCES,1
ADVANCING,1
ADVANTAGE,1
ADVANTAGED,1
ADVANTAGEOUS,1
ADVANTAGEOUSLY,1
ADVANTAGES,1
ALLIANCE,1
ALLIANCES,1
ASSURE,1
ASSURED,1
ASSURES,1
ASSURING,1
ATTAIN,1
ATTAINED,1
ATTAINING,1
ATTAINMENT,1
ATTAINMENTS,1
ATTAINS,1
ATTRACTIVE,1
ATTRACTIVENESS,1
BEAUTIFUL,1
BEAUTIFULLY,1
BENEFICIAL,1
BENEFICIALLY,1
BENEFIT,1
BENEFITED,1
BENEFITING,1
BENEFITTED,1
BENEFITTING,1
BEST,1
BETTER,1
BOLSTERED,1
BOLSTERING,1
BOLSTERS,1
BOOM,1
BOOMING,1
BOOST,1
BOOSTED,1
BREAKTHROUGH,1
BREAKTHROUGHS,1
BRILLIANT,1
CHARITABLE,1
COLLABORATE,1
COLLABORATED,1
COLLABORATES,1
COLLABORATING,1
COLLABORATION,1
COLLABORATIONS,1
COLLABORATIVE,1
COLLABORATOR,1
COLLABORATORS,1
COMPLIMENT,1
COMPLIMENTARY,1
COMPLIMENTED,1
COMPLIMENTING,1
COMPLIMENTS,1
CONCLUSIVE,1
CONCLUSIVELY,1
CONDUCIVE,1
CONFIDENT,1
CONSTRUCTIVE,1
CONSTRUCTIVELY,1
COURTEOUS,1
CREATIVE,1
CREATIVELY,1
CREATIVENESS,1
CREATIVITY,1
DELIGHT,1
DELIGHTED,1
DELIGHTFUL,1
DELIGHTFULLY,1
DELIGHTING,1
DELIGHTS,1
DEPENDABILITY,1
DEPENDABLE,1
DESIRABLE,1
DESIRED,1
DESPITE,1
DESTINED,1
DILIGENT,1
DILIGENTLY,1
DISTINCTION,1
DISTINCTIONS,1
DISTINCTIVE,1
DISTINCTIVELY,1
DISTINCTIVENESS,1
DREAM,1
EASIER,1
EASILY,1
EASY,1
EFFECTIVE,1
EFFICIENCIES,1
EFFICIENCY,1
EFFICIENT,1
EFFICIENTLY,1
EMPOWER,1
EMPOWERED,1
EMPOWERING,1
EMPOWERS,1
ENABLE,1
ENABLED,1
ENABLES,1
ENABLING,1
ENCOURAGED,1
ENCOURAGEMENT,1
ENCOURAGES,1
ENCOURAGING,1
ENHANCE,1
ENHANCED,1
ENHANCEMENT,1
ENHANCEMENTS,1
ENHANCES,1
ENHANCING,1
ENJOY,1
ENJOYABLE,1
ENJOYABLY,1
ENJOYED,1
ENJOYING,1
ENJOYMENT,1
ENJOYS,1
ENTHUSIASM,1
ENTHUSIASTIC,1
ENTHUSIASTICALLY,1
EXCELLENCE,1
EXCELLENT,1
EXCELLING,1
EXCELS,1
EXCEPTIONAL,1
EXCEPTIONALLY,1
EXCITED,1
EXCITEMENT,1
EXCITING,1
EXCLUSIVE,1
EXCLUSIVELY,1
EXCLUSIVENESS,1
EXCLUSIVES,1
EXCLUSIVITY,1
EXEMPLARY,1
FANTASTIC,1
FAVORABLE,1
FAVORABLY,1
FAVORED,1
FAVORING,1
FAVORITE,1
FAVORITES,1
FRIENDLY,1
GAIN,1
GAINED,1
GAINING,1
GAINS,1
GOOD,1
GREAT,1
GREATER,1
GREATEST,1
GREATLY,1
GREATNESS,1
HAPPIEST,1
HAPPILY,1
HAPPINESS,1
HAPPY,1
HIGHEST,1
HONOR,1
HONORABLE,1
HONORED,1
HONORING,1
HONORS,1
IDEAL,1
IMPRESS,1
IMPRESSED,1
IMPRESSES,1
IMPRESSING,1
IMPRESSIVE,1
IMPRESSIVELY,1
IMPROVE,1
IMPROVED,1
IMPROVEMENT,1
IMPROVEMENTS,1
IMPROVES,1
IMPROVING,1
INCREDIBLE,1
INCREDIBLY,1
INFLUENTIAL,1
INFORMATIVE,1
INGENUITY,1
INNOVATE,1
INNOVATED,1
INNOVATES,1
INNOVATING,1
INNOVATION,1
INNOVATIONS,1
INNOVATIVE,1
INNOVATIVENESS,1
INNOVATOR,1
INNOVATORS,1
INSIGHTFUL,1
INSPIRATION,1
INSPIRATIONAL,1
INTEGRITY,1
INVENT,1
INVENTED,1
INVENTING,1
INVENTION,1
INVENTIONS,1
INVENTIVE,1
INVENTIVENESS,1
INVENTOR,1
INVENTORS,1
LEADERSHIP,1
LEADING,1
LOYAL,1
LUCRATIVE,1
MERITORIOUS,1
OPPORTUNITIES,1
OPPORTUNITY,1
OPTIMISTIC,1
OUTPERFORM,1
OUTPERFORMED,1
OUTPERFORMING,1
OUTPERFORMS,1
PERFECT,1
PERFECTED,1
PERFECTLY,1
PERFECTS,1
PLEASANT,1
PLEASANTLY,1
PLEASED,1
PLEASURE,1
PLENTIFUL,1
POPULAR,1
POPULARITY,1
POSITIVE,1
POSITIVELY,1
PREEMINENCE,1
PREEMINENT,1
PREMIER,1
PREMIERE,1
PRESTIGE,1
PRESTIGIOUS,1
PROACTIVE,1
PROACTIVELY,1
PROFICIENCY,1
PROFICIENT,1
PROFICIENTLY,1
PROFITABILITY,1
PROFITABLE,1
PROFITABLY,1
PROGRESS,1
PROGRESSED,1
PROGRESSES,1
PROGRESSING,1
PROSPERED,1
PROSPERING,1
PROSPERITY,1
PROSPEROUS,1
PROSPERS,1
REBOUND,1
REBOUNDED,1
REBOUNDING,1
RECEPTIVE,1
REGAIN,1
REGAINED,1
REGAINING,1
RESOLVE,1
REVOLUTIONIZE,1
REVOLUTIONIZED,1
REVOLUTIONIZES,1
REVOLUTIONIZING,1
REWARD,1
REWARDED,1
REWARDING,1
REWARDS,1
SATISFACTION,1
SATISFACTORILY,1
SATISFACTORY,1
SATISFIED,1
SATISFIES,1
SATISFY,1
SATISFYING,1
SMOOTH,1
SMOOTHING,1
SMOOTHLY,1
SMOOTHS,1
SOLVES,1
SOLVING,1
SPECTACULAR,1
SPECTACULARLY,1
STABILITY,1
STABILIZATION,1
STABILIZATIONS,1
STABILIZE,1
STABILIZED,1
STABILIZES,1
STABILIZING,1
STABLE,1
STRENGTH,1
STRENGTHEN,1
STRENGTHENED,1
STRENGTHENING,1
STRENGTHENS,1
STRENGTHS,1
STRONG,1
STRONGER,1
STRONGEST,1
SUCCEED,1
SUCCEEDED,1
SUCCEEDING,1
SUCCEEDS,1
SUCCESS,1
SUCCESSES,1
SUCCESSFUL,1
SUCCESSFULLY,1
SUPERIOR,1
SURPASS,1
SURPASSED,1
SURPASSES,1
SURPASSING,1
TRANSPARENCY,1
TREMENDOUS,1
TREMENDOUSLY,1
UNMATCHED,1
UNPARALLELED,1
UNSURPASSED,1
UPTURN,1
UPTURNS,1
VALUABLE,1
VERSATILE,1
VERSATILITY,1
VIBRANCY,1
VIBRANT,1
WIN,1
WINNER,1
WINNERS,1
WINNING,1
WORTHY
